arv@chromium.org,webkit/glue/,0c42122fa9e1f8eae86c4e28a2439a3033047f12,2013-12-18
arv@chromium.org,net/,a260d0b33e5c3d3a6ea5a64bd4ff6b6ea3b60d7c,2011-03-21
dhollowa@chromium.org,net/,40a7e41b4820be63de44ece14c70b3bfe7e4c564,2013-04-29
jhawkins@chromium.org,webkit/,174a621f96913029748c965389706d2b32eb153b,2014-05-11
estade@chromium.org,net/,f933e00f3890a8c492d1476661a604f8c8658085,2012-03-13
estade@chromium.org,net/ftp/,149b92db00bc1deab22599e7d3da3fc8be2c0d8b,2014-09-11
estade@chromium.org,webkit/glue/,f9b5ce493cc2b36b3139aab9066f9681fd34dc63,2014-05-02
sky@chromium.org,net/,d882ed74b7d636714db50d3f6fe8b5f7939f4299,2011-05-03
ben@chromium.org,net/,0b56047554368999eeeaf6c939ac9069007e58b9,2011-03-22
jhawkins@chromium.org,net/ftp/,218c1f36a7bc72ef661faf5047a40cc81369ac72,2012-09-04
estade@chromium.org,net/ftp/,3b8dedf457517a8b724ab1efa38bd76707752166,2013-11-04
csilv@chromium.org,net/http/,7190eda8a46ca6a8b4c49f0c9e619c4570b9f2e7,2011-10-13
sky@chromium.org,content/browser/,7190eda8a46ca6a8b4c49f0c9e619c4570b9f2e7,2011-10-13
csilv@chromium.org,third_party/widevine/,7190eda8a46ca6a8b4c49f0c9e619c4570b9f2e7,2011-10-13
achuith@chromium.org,chrome/browser/ui/webui/chromeos/,c4b3c497275e61188d5ffcf0a453c895aaad21bc,2012-01-23
satorux@chromium.org,chrome/browser/ui/webui/chromeos/,c2c1ecdc8d0b801967464067839da482f0fcea67,2012-07-24
ben@chromium.org,ash/,0803fc0cfd8eabf67e54cd03fbff8d23f971888e,2013-09-12
stevenjb@chromium.org,chrome/browser/ui/webui/chromeos/,2a76c34b6c9b3969c5d7c2bec850cabe55a8c93a,2013-05-31
csilv@chromium.org,ui/,73c5727e7110fe29ad15b44613a1fc770bc09977,2013-12-03
kinaba@chromium.org,chrome/browser/ui/webui/chromeos/,73c5727e7110fe29ad15b44613a1fc770bc09977,2013-12-03
rockot@chromium.org,chrome/renderer/extensions/,d109d5ea91dbae76ae3375cc041a0d000cbd2e2c,2014-07-09
mek@chromium.org,chrome/renderer/extensions/,cc70ac6fc866171c5779198b1e6312cf9143d223,2013-08-07
scheib@chromium.org,chrome/renderer/extensions/,db14ce7aee37b82ea68425c9ca872d1672890cbb,2013-09-16
kalman@chromium.org,chrome/renderer/extensions/,b5bebc4add4d00422d0484701ffd230c6ff64df5,2012-03-29
jhawkins@chromium.org,net/,e49d616f0151b407d6b9296167facdc0655811c5,2011-09-14
yoz@chromium.org,chrome/renderer/extensions/,e49d616f0151b407d6b9296167facdc0655811c5,2011-09-14
asargent@chromium.org,chrome/renderer/extensions/,e49d616f0151b407d6b9296167facdc0655811c5,2011-09-14
benwells@chromium.org,chrome/renderer/extensions/,3ad71a4212ce92beca60f2836886f31ae839bc35,2012-09-04
asargent@chromium.org,chrome/utility/extensions/,c34381dfa8add52fa0e51c6f98931af827847231,2013-07-11
benwells@chromium.org,chrome/utility/extensions/,c34381dfa8add52fa0e51c6f98931af827847231,2013-07-11
nkostylev@chromium.org,components/session_manager/,b88d2c6ea6193c41e1befeb7c4964ad2dbd794e6,2014-07-16
antrim@chromium.org,components/session_manager/,b88d2c6ea6193c41e1befeb7c4964ad2dbd794e6,2014-07-16
dpolukhin@chromium.org,components/session_manager/,b88d2c6ea6193c41e1befeb7c4964ad2dbd794e6,2014-07-16
dzhioev@chromium.org,components/session_manager/,b88d2c6ea6193c41e1befeb7c4964ad2dbd794e6,2014-07-16
ygorshenin@chromium.org,components/session_manager/,b88d2c6ea6193c41e1befeb7c4964ad2dbd794e6,2014-07-16
cevans@chromium.org,content/common/,2c7511c39fd03ac56928949e8c75d46da9e708c2,2012-04-16
acolwell@chromium.org,content/common/gpu/media/,4b19a4de8d9971ada05774f0df88c0f3a0d63f83,2011-12-02
shadi@chromium.org,content/common/gpu/media/,4b19a4de8d9971ada05774f0df88c0f3a0d63f83,2011-12-02
acolwell@chromium.org,content/renderer/media/,4bfb7c5879836a230bf93160c7c82550c4d97ac4,2011-05-11
shadi@chromium.org,content/renderer/media/,4b19a4de8d9971ada05774f0df88c0f3a0d63f83,2011-12-02
acolwell@chromium.org,media/,33af5ea0d848f9377628536dd2f1dc197d8b4c03,2011-06-17
shadi@chromium.org,media/,4b19a4de8d9971ada05774f0df88c0f3a0d63f83,2011-12-02
davemoore@chromium.org,chromeos/login/,6012d6ac14a3c188f8e997c7815cdcca29f300ed,2014-07-14
rjkroege@chromium.org,ui/aura/gestures/,b945735d8f57801fc52df4d7f5693b6dba8c8438,2012-01-19
sadrul@chromium.org,ui/aura/gestures/,b945735d8f57801fc52df4d7f5693b6dba8c8438,2012-01-19
ben@chromium.org,third_party/,4973a4e03a6475fb157c501c31706775a7d7f7e5,2014-07-10
haven@chromium.org,chrome/common/extensions/image_writer/,6f584585d97c0ecc5ec0a5071f6e70cae3291e61,2014-07-09
miket@chromium.org,chrome/common/extensions/image_writer/,6f584585d97c0ecc5ec0a5071f6e70cae3291e61,2014-07-09
stuartmorgan@chromium.org,content/browser/browser_plugin/,b5bebc4add4d00422d0484701ffd230c6ff64df5,2012-03-29
koz@chromium.org,chrome/common/extensions/,b5bebc4add4d00422d0484701ffd230c6ff64df5,2012-03-29
fischman@chromium.org,chrome/browser/media/,4b19a4de8d9971ada05774f0df88c0f3a0d63f83,2011-12-02
ben@chromium.org,chrome/browser/ui/tabs/,b56e2e3f1cba802657b3ca10bfb613939c07b694,2012-05-11
epenner@chromium.org,ui/android/java/src/org/chromium/ui/gl/,81ae1145c12b69a2561fb3b7ade7dc9deb426955,2014-03-11
sievers@chromium.org,ui/android/java/src/org/chromium/ui/gl/,81ae1145c12b69a2561fb3b7ade7dc9deb426955,2014-03-11
kalman@chromium.org,extensions/browser/api/storage/,f4044df10a918dfd21746f8d54880312345408f2,2014-03-10
hubbe@chromium.org,chrome/browser/extensions/api/cast_streaming/,e81fe1a173230947493bdfd885c8e518a343a90f,2014-03-09
miu@chromium.org,chrome/browser/extensions/api/cast_streaming/,e81fe1a173230947493bdfd885c8e518a343a90f,2014-03-09
rjkroege@chromium.org,ui/base/cursor/ozone/,6e45c1dba2658d330d056d056a5c4d58a863deab,2014-03-06
spang@chromium.org,ui/base/cursor/ozone/,6e45c1dba2658d330d056d056a5c4d58a863deab,2014-03-06
stephenlin@chromium.org,chrome/utility/image_writer/,a59d125d4be4d031d9d12ee99ddec2235d50816a,2014-02-21
ALL,ui/,953d054dc1bd47ecb590265eec5b72bfe52e43bf,2013-04-03
isherman@chromium.org,net/http/,fa35f58cc80cd0ab820101362357516145e4c142,2013-04-03
nkostylev@chromium.org,chrome/browser/resources/quick_office/,fa35f58cc80cd0ab820101362357516145e4c142,2013-04-03
bulach@chromium.org,chrome/android/shell/javatests/,8d8fd2945cf56ef8643c2ffce53cd2ae8bf62a53,2014-03-06
cdn@chromium.org,chrome/common/extensions/,2d5c72ca5bb1bb7bcb9a99a76505e9cfba48dec7,2012-11-09
jhawkins@chromium.org,cc/output/,7c80ec65bb9693dfd28e8cd5cc306bdcef480210,2013-05-14
jhawkins@chromium.org.org,cc/,7c80ec65bb9693dfd28e8cd5cc306bdcef480210,2013-05-14
ygorshenin@chromium.org,chrome/browser/chromeos/net/,733f7fed2dcfe92c9d94d225051d376580d8a43f,2014-03-04
pneubeck@chromium.org,chrome/browser/chromeos/net/,cdbea94e52b0a9fb0590d1e219f764ca44836d37,2013-02-27
keybuk@chromium.org,device/nfc/,34e8500dee2af31aeb2149771e26c237ae7196bc,2014-03-03
armansito@chromium.org,device/nfc/,34e8500dee2af31aeb2149771e26c237ae7196bc,2014-03-03
mgiuca@chromium.org,base/third_party/superfasthash/,e30e29479b4babe4d2ae909255e6bb818d077cc1,2014-03-03
jhawkins@chromium.org,net/ftp/,ad30cfe496dc94957f4c7477afdf0a34a518d60e,2012-10-22
ben@chromium.org,ui/events/x/,ad30cfe496dc94957f4c7477afdf0a34a518d60e,2012-10-22
sky@chromium.org,./,1ddb6b1d1d02658cbc05573e8bb21b2f2750ac24,2014-02-07
ben@chromium.org,net/http/,ad30cfe496dc94957f4c7477afdf0a34a518d60e,2012-10-22
ALL,cc/resources/,ad30cfe496dc94957f4c7477afdf0a34a518d60e,2012-10-22
ben@chromium.org,net/ftp/,a60865a91102be0b19d826fb9d26f0bc98066ca6,2011-04-26
ben@chromium.org,cc/,a60865a91102be0b19d826fb9d26f0bc98066ca6,2011-04-26
gab@chromium.org,chrome/browser/prefs/,1ddb6b1d1d02658cbc05573e8bb21b2f2750ac24,2014-02-07
sky@chromium.org,cc/,a60865a91102be0b19d826fb9d26f0bc98066ca6,2011-04-26
pam@chromium.org,chrome/browser/prefs/,a60865a91102be0b19d826fb9d26f0bc98066ca6,2011-04-26
battre@chromium.org,components/user_prefs/,75fee3776f2e159d8e52bb13bb4545ac46021512,2013-03-06
bauerb@chromium.org,components/user_prefs/,75fee3776f2e159d8e52bb13bb4545ac46021512,2013-03-06
estade@chromium.org,net/ftp/,1ddb6b1d1d02658cbc05573e8bb21b2f2750ac24,2014-02-07
mnissler@chromium.org,components/user_prefs/,75fee3776f2e159d8e52bb13bb4545ac46021512,2013-03-06
pam@chromium.org,components/user_prefs/,75fee3776f2e159d8e52bb13bb4545ac46021512,2013-03-06
primiano@chromium.org,tools/memory_inspector/,7ae754a87ddf9c29a0b9e1e0201a0d173835de47,2014-02-07
atwilson@chromium.org,content/browser/worker_host/,c276aadecbf805d92d5724fc363a555ef302a268,2011-05-31
kinuko@chromium.org,content/browser/worker_host/,3bef9dad971056d2dd8c92c25eb0cb238b77686b,2014-02-07
horo@chromium.org,content/browser/worker_host/,3bef9dad971056d2dd8c92c25eb0cb238b77686b,2014-02-07
atwilson@chromium.org,content/worker/,c276aadecbf805d92d5724fc363a555ef302a268,2011-05-31
cdn@chromium.org,android_webview/common/,0a3436f4d886f64b850f7d58368e70c231ad1535,2012-11-09
cdn@chromium.org,chrome/browser/importer/,2d5c72ca5bb1bb7bcb9a99a76505e9cfba48dec7,2012-11-09
cdn@chromium.org,chrome/common/importer/,80adc297261eb8fbb4e80de98559e36998e0748d,2013-07-09
isherman@chromium.org,ui/surface/,fcb230e59f03a448c5b73e1a09584eace20658af,2014-01-15
cdn@chromium.org,chrome/common/safe_browsing/,2d5c72ca5bb1bb7bcb9a99a76505e9cfba48dec7,2012-11-09
cdn@chromium.org,chrome/utility/importer/,946b4ee048350f35983771dfa928863d2af7177b,2013-07-16
cdn@chromium.org,components/autofill/content/common/,45b53fb40b913e5ba11f5465dd8dcd9b9a3b2388,2013-12-12
dhollowa@chromium.org,ash/wm/,512b5bd88c595d07b361c50cad628ca461e3357d,2013-07-23