11.0,"Fri Jan 28 22:50:27 2011 +0000",cc/resources/texture_mailbox_deleter.h
11.0,"Fri Jan 28 22:50:27 2011 +0000",net/http/http_response_headers_unittest.cc
11.0,"Fri Jan 28 22:50:27 2011 +0000",ui/views/widget/desktop_aura/desktop_root_window_host_x11.cc
11.0,"Fri Jan 28 22:50:27 2011 +0000",build/internal/release_impl.vsprops
11.0,"Fri Jan 28 22:50:27 2011 +0000",build/internal/release_impl_purify.vsprops
11.0,"Fri Jan 28 22:50:27 2011 +0000",net/ftp/ftp_directory_listing_parser_windows.h
11.0,"Fri Jan 28 22:50:27 2011 +0000",ui/events/x/device_list_cache_x.h
11.0,"Fri Jan 28 22:50:27 2011 +0000",net/ftp/ftp_util.h
11.0,"Fri Jan 28 22:50:27 2011 +0000",cc/cc_tests.gyp
11.0,"Fri Jan 28 22:50:27 2011 +0000",cc/output/gl_renderer.h
11.0,"Fri Jan 28 22:50:27 2011 +0000",ui/aura/root_window_host_x11.cc
11.0,"Fri Jan 28 22:50:27 2011 +0000",ui/surface/transport_dib_linux.cc
11.0,"Fri Jan 28 22:50:27 2011 +0000",ash/wm/system_modal_container_layout_manager.cc
11.0,"Fri Jan 28 22:50:27 2011 +0000",third_party/widevine/cdm/widevine_cdm_common.h
11.0,"Fri Jan 28 22:50:27 2011 +0000",content/browser/browser_plugin/browser_plugin_host_browsertest.cc
11.0,"Fri Jan 28 22:50:27 2011 +0000",net/http/http_response_headers.h
11.0,"Fri Jan 28 22:50:27 2011 +0000",build/output_dll_copy.rules
11.0,"Fri Jan 28 22:50:27 2011 +0000",net/ftp/ftp_directory_listing_parser_windows.cc
11.0,"Fri Jan 28 22:50:27 2011 +0000",net/ftp/ftp_directory_listing_buffer_unittest.cc
11.0,"Fri Jan 28 22:50:27 2011 +0000",build/common.vsprops
11.0,"Fri Jan 28 22:50:27 2011 +0000",net/ftp/ftp_directory_listing_parsers.cc
11.0,"Fri Jan 28 22:50:27 2011 +0000",net/ftp/ftp_directory_listing_parsers_unittest.cc
11.0,"Fri Jan 28 22:50:27 2011 +0000",webkit/glue/ftp_directory_listing_response_delegate.cc
