C++,cc/resources/texture_mailbox_deleter.h,1,1,12
C++,net/http/http_response_headers_unittest.cc,42,35,31
C++,ui/views/widget/desktop_aura/desktop_root_window_host_x11.cc,333,1,1
C++,net/ftp/ftp_directory_listing_parser_windows.h,111,23454,6
C++,ui/events/x/device_list_cache_x.h,12,345,65
C++,net/ftp/ftp_util.h,23,4,3
C++,cc/cc_tests.gyp,111,1,1
C++,ui/aura/root_window_host_x11.cc,7789,341,1
C++,ui/surface/transport_dib_linux.cc,257,33,1
C++,net/http/http_response_headers.h,134,34,1
C++,build/output_dll_copy.rules,111,2,33
C++,net/ftp/ftp_directory_listing_parser_windows.cc,4444,432,7
C++,net/ftp/ftp_directory_listing_buffer_unittest.cc,634,3243,66
C++,build/common.vsprops,111,222,333
C++,net/ftp/ftp_directory_listing_parsers.cc,22,4,5
C++,ui/gfx/canvas_skia.cc,1,2,3
